{
  "timestamp": "2025-11-05T03:19:17.532Z",
  "results": {
    "address": {
      "tagName": "usa-address-pattern",
      "initialization": {
        "min": 1.9599609999999643,
        "max": 6.055772000000005,
        "avg": 4.193368589999997,
        "median": 4.000267000000008,
        "p95": 6.005169999999993,
        "p99": 6.036843999999974
      },
      "rendering": {
        "min": 0.9803849999999557,
        "max": 4.00640999999996,
        "avg": 2.3060882199999937,
        "median": 2.0052195000000097,
        "p95": 4.003533999999945,
        "p99": 4.00640999999996
      },
      "domSize": {
        "elements": 23,
        "size": 3724
      }
    },
    "phone-number": {
      "tagName": "usa-phone-number-pattern",
      "initialization": {
        "min": 1.9605510000000095,
        "max": 6.074450999999954,
        "avg": 4.142608609999999,
        "median": 4.004493000000025,
        "p95": 6.003296999999975,
        "p99": 6.070856000000049
      },
      "rendering": {
        "min": 0.710913000000005,
        "max": 8.210369000000014,
        "avg": 2.6141813200000046,
        "median": 2.9933485000000246,
        "p95": 3.9964030000001003,
        "p99": 8.210369000000014
      },
      "domSize": {
        "elements": 9,
        "size": 2854
      }
    },
    "name": {
      "tagName": "usa-name-pattern",
      "initialization": {
        "min": 1.7697689999999966,
        "max": 6.301960000000008,
        "avg": 3.784717390000003,
        "median": 3.9462214999999787,
        "p95": 5.999351000000161,
        "p99": 6.097311999999874
      },
      "rendering": {
        "min": 0.7635359999999309,
        "max": 4.020901000000094,
        "avg": 2.645853000000002,
        "median": 2.9928770000000213,
        "p95": 4.0003220000000965,
        "p99": 4.020901000000094
      },
      "domSize": {
        "elements": 15,
        "size": 3653
      }
    },
    "contact-preferences": {
      "tagName": "usa-contact-preferences-pattern",
      "initialization": {
        "min": 1.953997999999956,
        "max": 6.115755999999919,
        "avg": 3.857103130000005,
        "median": 3.995791000000054,
        "p95": 6.000395000000026,
        "p99": 6.044166000000132
      },
      "rendering": {
        "min": 0.9903310000001966,
        "max": 4.879196999999749,
        "avg": 2.4955991199999836,
        "median": 2.12237499999992,
        "p95": 4.510161999999582,
        "p99": 4.879196999999749
      },
      "domSize": {
        "elements": 11,
        "size": 1332
      }
    },
    "language-selection": {
      "tagName": "usa-language-selector-pattern",
      "initialization": {
        "min": 1.7528449999999793,
        "max": 6.287431000000197,
        "avg": 4.174242760000011,
        "median": 3.9996629999998277,
        "p95": 6.001708000000235,
        "p99": 6.023380000000088
      },
      "rendering": {
        "min": 0.8007720000000518,
        "max": 4.00683700000036,
        "avg": 2.253047040000001,
        "median": 2.004590000000235,
        "p95": 3.891391999999996,
        "p99": 4.00683700000036
      },
      "domSize": {
        "elements": 14,
        "size": 5303
      }
    },
    "form-summary": {
      "tagName": "usa-form-summary-pattern",
      "initialization": {
        "min": 1.9882079999997586,
        "max": 6.027979999999843,
        "avg": 3.9959820599999967,
        "median": 3.997794499999827,
        "p95": 5.9994769999998425,
        "p99": 6.005405999999766
      },
      "rendering": {
        "min": 0.9364049999999224,
        "max": 4.125332999999955,
        "avg": 2.4959007799999653,
        "median": 2.478355499999907,
        "p95": 3.9970499999999447,
        "p99": 4.125332999999955
      },
      "domSize": {
        "elements": 19,
        "size": 4470
      }
    },
    "multi-step-form": {
      "tagName": "usa-multi-step-form-pattern",
      "initialization": {
        "min": 1.1246470000000954,
        "max": 6.1245349999999235,
        "avg": 3.967872569999995,
        "median": 3.9958149999999932,
        "p95": 5.9985899999996946,
        "p99": 6.015044000000216
      },
      "rendering": {
        "min": 0.966233000000102,
        "max": 4.0067589999998745,
        "avg": 2.516230120000064,
        "median": 2.0317880000002333,
        "p95": 4.003042000000278,
        "p99": 4.0067589999998745
      },
      "domSize": {
        "elements": 12,
        "size": 3395
      }
    }
  },
  "summary": {
    "totalPatterns": 7,
    "averageInitTime": 4.0165564442857145
  }
}